{"count":1,"self":122.0247296,"total":156.9534553,"children":{"InitializeActuators":{"count":1,"self":0.0010004999999999999,"total":0.0010004999999999999,"children":null},"InitializeSensors":{"count":1,"self":0.0010000999999999999,"total":0.0010000999999999999,"children":null},"AgentSendState":{"count":7596,"self":0.084534299999999993,"total":22.5352553,"children":{"CollectObservations":{"count":7596,"self":22.4236672,"total":22.423667599999998,"children":null},"WriteActionMask":{"count":7596,"self":0.0080413999999999989,"total":0.0080413999999999989,"children":null},"RequestDecision":{"count":7596,"self":0.019011999999999998,"total":0.019011999999999998,"children":null}}},"DecideAction":{"count":7596,"self":0.040586899999999995,"total":0.040586899999999995,"children":null},"AgentAct":{"count":7596,"self":12.349888,"total":12.3498878,"children":null}},"gauges":{"car_training_config.CumulativeReward":{"count":11,"max":25,"min":-4,"runningAverage":5.72727251,"value":-2,"weightedAverage":8.092573}},"metadata":{"timer_format_version":"0.1.0","start_time_seconds":"1733998041","unity_version":"2022.3.47f1","command_line_arguments":"C:\\Program Files\\Unity\\Hub\\Editor\\2022.3.47f1\\Editor\\Unity.exe -projectpath C:\\Users\\james\\OneDrive\\Desktop\\Unity Projects\\Comps Project 2 -useHub -hubIPC -cloudEnvironment production -licensingIpc LicenseClient-james -hubSessionId 684d13f2-76bb-41f9-8a30-664b5c7dffeb -accessToken Zq8jYZMNGSMQcwCznNm7wWiD-vSPbT2GWKMyvnv7BOk001f","communication_protocol_version":"1.5.0","com.unity.ml-agents_version":"2.0.1","scene_name":"project","end_time_seconds":"1733998198"}}