{
    "name": "root",
    "metadata": {
        "timer_format_version": "0.1.0",
        "start_time_seconds": "1728500930",
        "python_version": "3.10.8 (tags/v3.10.8:aaaf517, Oct 11 2022, 16:50:30) [MSC v.1933 64 bit (AMD64)]",
        "command_line_arguments": "C:\\Users\\james\\OneDrive\\Desktop\\Unity Projects\\Comps Project 2\\MLvenv\\Scripts\\mlagents-learn TrainingConfigs/car_training_config.yaml --run-id=run9 --train",
        "mlagents_version": "1.1.0",
        "mlagents_envs_version": "1.1.0",
        "communication_protocol_version": "1.5.0",
        "pytorch_version": "2.4.1+cpu",
        "numpy_version": "1.23.5",
        "end_time_seconds": "1728500977"
    },
    "total": 47.16643729992211,
    "count": 1,
    "self": 10.005061799660325,
    "children": {
        "run_training.setup": {
            "total": 0.07521140016615391,
            "count": 1,
            "self": 0.07521140016615391
        },
        "TrainerController.start_learning": {
            "total": 37.08616410009563,
            "count": 1,
            "self": 0.03837590152397752,
            "children": {
                "TrainerController._reset_env": {
                    "total": 8.037697399966419,
                    "count": 1,
                    "self": 8.037697399966419
                },
                "TrainerController.advance": {
                    "total": 28.931298998650163,
                    "count": 2950,
                    "self": 0.0359675046056509,
                    "children": {
                        "env_step": {
                            "total": 28.15696688601747,
                            "count": 2950,
                            "self": 26.650390665512532,
                            "children": {
                                "SubprocessEnvManager._take_step": {
                                    "total": 1.4828062145970762,
                                    "count": 2951,
                                    "self": 0.10699721891433,
                                    "children": {
                                        "TorchPolicy.evaluate": {
                                            "total": 1.3758089956827462,
                                            "count": 2951,
                                            "self": 1.3758089956827462
                                        }
                                    }
                                },
                                "workers": {
                                    "total": 0.02377000590786338,
                                    "count": 2949,
                                    "self": 0.0,
                                    "children": {
                                        "worker_root": {
                                            "total": 10.990556693635881,
                                            "count": 2949,
                                            "is_parallel": true,
                                            "self": 4.720745398662984,
                                            "children": {
                                                "steps_from_proto": {
                                                    "total": 0.0004953001625835896,
                                                    "count": 2,
                                                    "is_parallel": true,
                                                    "self": 0.00021900050342082977,
                                                    "children": {
                                                        "_process_rank_one_or_two_observation": {
                                                            "total": 0.0002762996591627598,
                                                            "count": 4,
                                                            "is_parallel": true,
                                                            "self": 0.0002762996591627598
                                                        }
                                                    }
                                                },
                                                "UnityEnvironment.step": {
                                                    "total": 6.269315994810313,
                                                    "count": 2949,
                                                    "is_parallel": true,
                                                    "self": 0.13651487277820706,
                                                    "children": {
                                                        "UnityEnvironment._generate_step_input": {
                                                            "total": 0.11659410782158375,
                                                            "count": 2949,
                                                            "is_parallel": true,
                                                            "self": 0.11659410782158375
                                                        },
                                                        "communicator.exchange": {
                                                            "total": 5.699956010561436,
                                                            "count": 2949,
                                                            "is_parallel": true,
                                                            "self": 5.699956010561436
                                                        },
                                                        "steps_from_proto": {
                                                            "total": 0.31625100364908576,
                                                            "count": 2949,
                                                            "is_parallel": true,
                                                            "self": 0.16020438121631742,
                                                            "children": {
                                                                "_process_rank_one_or_two_observation": {
                                                                    "total": 0.15604662243276834,
                                                                    "count": 5898,
                                                                    "is_parallel": true,
                                                                    "self": 0.15604662243276834
                                                                }
                                                            }
                                                        }
                                                    }
                                                }
                                            }
                                        }
                                    }
                                }
                            }
                        },
                        "trainer_advance": {
                            "total": 0.738364608027041,
                            "count": 2949,
                            "self": 0.03892052033916116,
                            "children": {
                                "process_trajectory": {
                                    "total": 0.2045999877154827,
                                    "count": 2949,
                                    "self": 0.2045999877154827
                                },
                                "_update_policy": {
                                    "total": 0.4948440999723971,
                                    "count": 1,
                                    "self": 0.18635770166292787,
                                    "children": {
                                        "TorchPPOOptimizer.update": {
                                            "total": 0.3084863983094692,
                                            "count": 99,