{
    "name": "root",
    "gauges": {
        "car_training_config.Policy.Entropy.mean": {
            "value": 1.4177675247192383,
            "min": 1.4177675247192383,
            "max": 1.4177675247192383,
            "count": 1
        },
        "car_training_config.Policy.Entropy.sum": {
            "value": 14245.728515625,
            "min": 14245.728515625,
            "max": 14245.728515625,
            "count": 1
        },
        "car_training_config.Step.mean": {
            "value": 9983.0,
            "min": 9983.0,
            "max": 9983.0,
            "count": 1
        },
        "car_training_config.Step.sum": {
            "value": 9983.0,
            "min": 9983.0,
            "max": 9983.0,
            "count": 1
        },
        "car_training_config.Policy.ExtrinsicValueEstimate.mean": {
            "value": 0.17802990972995758,
            "min": 0.17802990972995758,
            "max": 0.17802990972995758,
            "count": 1
        },
        "car_training_config.Policy.ExtrinsicValueEstimate.sum": {
            "value": 30.977205276489258,
            "min": 30.977205276489258,
            "max": 30.977205276489258,
            "count": 1
        },
        "car_training_config.Environment.EpisodeLength.mean": {
            "value": 398.9583333333333,
            "min": 398.9583333333333,
            "max": 398.9583333333333,
            "count": 1
        },
        "car_training_config.Environment.EpisodeLength.sum": {
            "value": 9575.0,
            "min": 9575.0,
            "max": 9575.0,
            "count": 1
        },
        "car_training_config.Environment.CumulativeReward.mean": {
            "value": 0.08433130518339264,
            "min": 0.08433130518339264,
            "max": 0.08433130518339264,
            "count": 1
        },
        "car_training_config.Environment.CumulativeReward.sum": {
            "value": 2.0239513244014233,
            "min": 2.0239513244014233,
            "max": 2.0239513244014233,
            "count": 1
        },
        "car_training_config.Policy.ExtrinsicReward.mean": {
            "value": 0.08433130518339264,
            "min": 0.08433130518339264,
            "max": 0.08433130518339264,
            "count": 1
        },
        "car_training_config.Policy.ExtrinsicReward.sum": {
            "value": 2.0239513244014233,
            "min": 2.0239513244014233,
            "max": 2.0239513244014233,
            "count": 1
        },
        "car_training_config.Losses.PolicyLoss.mean": {
            "value": 0.09370859474338053,
            "min": 0.09370859474338053,
            "max": 0.09370859474338053,
            "count": 1
        },
        "car_training_config.Losses.PolicyLoss.sum": {
            "value": 0.3748343789735221,
            "min": 0.3748343789735221,
            "max": 0.3748343789735221,
            "count": 1
        },
        "car_training_config.Losses.ValueLoss.mean": {
            "value": 0.013375187416803175,
            "min": 0.013375187416803175,
            "max": 0.013375187416803175,
            "count": 1
        },
        "car_training_config.Losses.ValueLoss.sum": {
            "value": 0.0535007496672127,
            "min": 0.0535007496672127,
            "max": 0.0535007496672127,
            "count": 1
        },
        "car_training_config.Policy.LearningRate.mean": {
            "value": 0.00029690415103195,
            "min": 0.00029690415103195,
            "max": 0.00029690415103195,
            "count": 1
        },
        "car_training_config.Policy.LearningRate.sum": {
            "value": 0.0011876166041278,
            "min": 0.0011876166041278,
            "max": 0.0011876166041278,
            "count": 1
        },
        "car_training_config.Policy.Epsilon.mean": {
            "value": 0.19896805000000004,
            "min": 0.19896805000000004,
            "max": 0.19896805000000004,
            "count": 1
        },
        "car_training_config.Policy.Epsilon.sum": {
            "value": 0.7958722000000001,
            "min": 0.7958722000000001,
            "max": 0.7958722000000001,
            "count": 1
        },
        "car_training_config.Policy.Beta.mean": {
            "value": 0.0004949434449999999,
            "min": 0.0004949434449999999,
            "max": 0.0004949434449999999,
            "count": 1
        },
        "car_training_config.Policy.Beta.sum": {
            "value": 0.0019797737799999997,
            "min": 0.0019797737799999997,
            "max": 0.0019797737799999997,
            "count": 1
        },
        "car_training_config.IsTraining.mean": {
            "value": 1.0,
            "min": 1.0,
            "max": 1.0,
            "count": 1
        },
        "car_training_config.IsTraining.sum": {
            "value": 1.0,
            "min": 1.0,
            "max": 1.0,
            "count": 1
        }
    },
    "metadata": {
        "timer_format_version": "0.1.0",
        "start_time_seconds": "1728455651",
        "python_version": "3.10.8 (tags/v3.10.8:aaaf517, Oct 11 2022, 16:50:30) [MSC v.1933 64 bit (AMD64)]",
        "command_line_arguments": "C:\\Users\\james\\OneDrive\\Desktop\\Unity Projects\\Comps Project 2\\MLvenv\\Scripts\\mlagents-learn TrainingConfigs/car_training_config.yaml --run-id=test3 --train",
        "mlagents_version": "1.1.0",
        "mlagents_envs_version": "1.1.0",
        "communication_protocol_version": "1.5.0",
        "pytorch_version": "2.4.1+cpu",
        "numpy_version": "1.23.5",
        "end_time_seconds": "1728455819"
    },
    "total": 167.42410359997302,
    "count": 1,
    "self": 0.0044839996844530106,
    "children": {
        "run_training.setup": {
            "total": 0.0729347001761198,
            "count": 1,
            "self": 0.0729347001761198
        },
        "TrainerController.start_learning": {
            "total": 167.34668490011245,
            "count": 1,
            "self": 0.27388330921530724,
            "children": {
                "TrainerController._reset_env": {
                    "total": 6.057624599896371,
                    "count": 1,
                    "self": 6.057624599896371
                },
                "TrainerController.advance": {
                    "total": 160.9327578912489,
                    "count": 18483,
                    "self": 0.25636244285851717,
                    "children": {
                        "env_step": {
                            "total": 155.58310476783663,
                            "count": 18483,
                            "self": 145.24085986055434,
                            "children": {
                                "SubprocessEnvManager._take_step": {
                                    "total": 10.167589669115841,
                                    "count": 18484,
                                    "self": 0.7400182951241732,
                                    "children": {
                                        "TorchPolicy.evaluate": {
                                            "total": 9.427571373991668,
                                            "count": 18439,
                                            "self": 9.427571373991668
                                        }
                                    }
                                },
                                "workers": {
                                    "total": 0.17465523816645145,
                                    "count": 18482,
                                    "self": 0.0,
                                    "children": {
                                        "worker_root": {
                                            "total": 68.67694540834054,
                                            "count": 18482,
                                            "is_parallel": true,
                                            "self": 27.484717612620443,