{
    "name": "root",
    "metadata": {
        "timer_format_version": "0.1.0",
        "start_time_seconds": "1728455859",
        "python_version": "3.10.8 (tags/v3.10.8:aaaf517, Oct 11 2022, 16:50:30) [MSC v.1933 64 bit (AMD64)]",
        "command_line_arguments": "C:\\Users\\james\\OneDrive\\Desktop\\Unity Projects\\Comps Project 2\\MLvenv\\Scripts\\mlagents-learn TrainingConfigs/car_training_config.yaml --run-id=test4 --train",
        "mlagents_version": "1.1.0",
        "mlagents_envs_version": "1.1.0",
        "communication_protocol_version": "1.5.0",
        "pytorch_version": "2.4.1+cpu",
        "numpy_version": "1.23.5",
        "end_time_seconds": "1728455937"
    },
    "total": 78.87640549987555,
    "count": 1,
    "self": 0.004810300190001726,
    "children": {
        "run_training.setup": {
            "total": 0.07355739967897534,
            "count": 1,
            "self": 0.07355739967897534
        },
        "TrainerController.start_learning": {
            "total": 78.79803780000657,
            "count": 1,
            "self": 0.03745249239727855,
            "children": {
                "TrainerController._reset_env": {
                    "total": 6.046527899801731,
                    "count": 1,
                    "self": 6.046527899801731
                },
                "TrainerController.advance": {
                    "total": 72.63360960781574,
                    "count": 2539,
                    "self": 0.03519509779289365,
                    "children": {
                        "env_step": {
                            "total": 71.97120131365955,
                            "count": 2539,
                            "self": 70.52028971118852,
                            "children": {
                                "SubprocessEnvManager._take_step": {
                                    "total": 1.428028602618724,
                                    "count": 2539,
                                    "self": 0.10433410760015249,
                                    "children": {
                                        "TorchPolicy.evaluate": {
                                            "total": 1.3236944950185716,
                                            "count": 2533,
                                            "self": 1.3236944950185716
                                        }
                                    }
                                },
                                "workers": {
                                    "total": 0.02288299985229969,
                                    "count": 2538,
                                    "self": 0.0,
                                    "children": {
                                        "worker_root": {
                                            "total": 10.700297599192709,
                                            "count": 2538,
                                            "is_parallel": true,
                                            "self": 4.420187194831669,
                                            "children": {
                                                "steps_from_proto": {
                                                    "total": 0.0002696998417377472,
                                                    "count": 1,
                                                    "is_parallel": true,
                                                    "self": 0.00013329973444342613,
                                                    "children": {
                                                        "_process_rank_one_or_two_observation": {
                                                            "total": 0.00013640010729432106,
                                                            "count": 2,
                                                            "is_parallel": true,
                                                            "self": 0.00013640010729432106
                                                        }
                                                    }
                                                },
                                                "UnityEnvironment.step": {
                                                    "total": 6.279840704519302,
                                                    "count": 2538,
                                                    "is_parallel": true,
                                                    "self": 0.12505066441372037,
                                                    "children": {
                                                        "UnityEnvironment._generate_step_input": {
                                                            "total": 0.10754051059484482,
                                                            "count": 2538,
                                                            "is_parallel": true,
                                                            "self": 0.10754051059484482
                                                        },
                                                        "communicator.exchange": {
                                                            "total": 5.747828307561576,
                                                            "count": 2538,
                                                            "is_parallel": true,
                                                            "self": 5.747828307561576
                                                        },
                                                        "steps_from_proto": {
                                                            "total": 0.2994212219491601,
                                                            "count": 2538,
                                                            "is_parallel": true,
                                                            "self": 0.1446516178548336,
                                                            "children": {
                                                                "_process_rank_one_or_two_observation": {
                                                                    "total": 0.1547696040943265,
                                                                    "count": 5076,
                                                                    "is_parallel": true,
                                                                    "self": 0.1547696040943265
                                                                }
                                                            }
                                                        }
                                                    }
                                                }
                                            }
                                        }
                                    }
                                }
                            }
                        },
                        "trainer_advance": {
                            "total": 0.6272131963633001,
                            "count": 2538,
                            "self": 0.04417720204219222,
                            "children": {
                                "process_trajectory": {
                                    "total": 0.11820859415456653,
                                    "count": 2538,
                                    "self": 0.11820859415456653
                                },
                                "_update_policy": {
                                    "total": 0.46482740016654134,
                                    "count": 1,
                                    "self": 0.17491080053150654,
                                    "children": {
                                        "TorchPPOOptimizer.update": {
                                            "total": 0.2899165996350348,
                                            "count": 96,